QUESTION_ID,QUESTION,DESCRIPTION
1,Customer Spaces,"Customer Spaces are accurate to rent roll. Identify dark spaces, subtenant needing consent."
2,Vacant Spaces,"Vacant Spaces are clean, free of odor, leasing signs in front window, prior tenant signage removed, and facades freshly painted."
3,Roof Access,"Roof Access, and any other secure areas, are secure with locking devices free of damage."
4,Entryways,"Entryways are clean, well landscaped and branded with Link Signage. Any monument signs are freshly painted."
5,Lease Signs,"Leasing Signs are well located at entranceways, clean and depict accurate Link branding/leasing information."
6,Regulatory Signs,"Signage, such as stop, yield, ADA, and all signposts are properly placed and in good condition."
7,Truck Courts,"Truck Courts are free of debris, damage, clean and in good repair. Retention and drainage systems are free of debris, compliant with local ordinance, and draining properly."
8,Tenant Storage,"Tenant Storage areas are well kept, clean and contained to designated areas."
9,Trees,"Trees are trimmed, lifted, and thinned for seasonal storms and truck traffic."
10,Bollards,Bollards are straight and freshly painted: parking lot striping and traffic control devices are freshly painted in acordance with DOT standards.
